timestamp,soil_moisture,soil_respiration_flux,plant_stress_level,ndvi,temperature,humidity,vpd,voc_resistance,watered
2026-02-07T23:06:50.077404,0.5976015068255269,7.85363346515042,0.0,0.7454976347597256,26.023616587845076,50.06070079634189,1.6810244646888792,161470.97689752266,False
2026-02-08T00:06:50.077404,0.5951502066363751,7.990416367823664,0.0,0.742802507525445,25.773773475178604,44.651615690222314,1.8357664741778563,163214.03328861768,False
2026-02-08T01:06:50.077404,0.5929635720983683,8.0,0.0,0.7467585190003292,22.34719814903071,46.298064515442924,1.4501684705801232,162522.6241517928,False
2026-02-08T02:06:50.077404,0.5906581740266487,7.953059795242058,0.0,0.7399321517203802,23.863766428277835,45.12941498465949,1.6239524501838587,137866.8266784385,False
2026-02-08T03:06:50.077404,0.5880560535059818,7.991875583947448,0.0,0.7316626122395736,28.595986527512686,49.26491257132559,1.985314126851649,161865.79507828786,False
2026-02-08T04:06:50.077404,0.5852044639973819,8.0,0.0,0.7281656542561409,27.198743645653593,25.519005270761404,2.6866209602169717,157399.35303984047,False
2026-02-08T05:06:50.077404,0.5831399854056307,8.0,0.0,0.732767787285409,22.81743174761247,58.59381965481613,1.1504970384958073,164758.96510680983,False
2026-02-08T06:06:50.077404,0.5802797704976629,8.0,0.0,0.7369964905247176,28.370635363288457,32.67316613373808,2.600346532261227,155042.35569494453,False
2026-02-08T07:06:50.077404,0.6975028493956351,8.0,0.0,0.7369456870312554,25.5124934668698,39.157764601805056,1.986971538422329,154015.58087820737,True
2026-02-08T08:06:50.077404,0.6949970080326209,8.0,0.0,0.7364824961607698,27.284469884530214,48.36463377212909,1.871924857826767,138130.06715138291,False
2026-02-08T09:06:50.077404,0.692718245799971,8.0,0.0,0.7219790823116143,29.48931325156522,70.48073784685035,1.2162967617908853,148120.74908610812,False
2026-02-08T10:06:50.077404,0.6903378099105177,8.0,0.0,0.7184054845828851,27.447556973857374,55.983840399100245,1.6110057364014296,154250.43007547487,False
2026-02-08T11:06:50.077404,0.6877814807700102,7.864157982494388,0.0,0.7063430363854604,27.25765005757589,43.718674674509515,2.0371524300092183,147055.67435089633,False
2026-02-08T12:06:50.077404,0.685301607031243,7.762810164081675,0.0,0.7146431336624381,26.67712445088989,44.657219073948816,1.9360893102190009,158463.84432612578,False
2026-02-08T13:06:50.077404,0.6832929416150636,7.918733711878988,0.0,0.7193227727264664,18.049397137574672,33.06921032278335,1.3857407647485693,142701.1748869227,False
2026-02-08T14:06:50.077404,0.6811497186272263,7.868987415562144,0.0,0.7352877176156086,24.495041808672788,59.05803082814622,1.2584487176253156,154701.8563185928,False
2026-02-08T15:06:50.077404,0.6790205193701156,7.820653669782211,0.0,0.7246074433138858,23.673067379270595,57.784481299435285,1.2351679683041283,157612.23366142146,False
2026-02-08T16:06:50.077404,0.6762519095473069,8.0,0.0,0.7228485660983401,27.61805883269931,32.96932469378456,2.4779085011674256,140057.4153570867,False
2026-02-08T17:06:50.077404,0.6740702082590281,7.970790820731034,0.0,0.7232982255355698,25.74151634832764,61.93417216920994,1.2601380030653333,152404.14521241165,False
2026-02-08T18:06:50.077404,0.6712132069818758,7.945164187053073,0.0,0.7204264947019963,28.449715199362167,32.73405798544861,2.6099476664090755,145506.60837653722,False
2026-02-08T19:06:50.077404,0.6685331413108521,7.891139590074445,0.0,0.7017920511710638,23.959282741208945,12.42083481411202,2.606910108442753,158867.79126265648,False
2026-02-08T20:06:50.077404,0.6662708040079469,7.756885085232672,0.0,0.6935990758825125,26.405274830705437,57.56689591108918,1.460893914973801,146156.1317404422,False
2026-02-08T21:06:50.077404,0.6639467502009835,7.750155007614435,0.0,0.6848705928544694,27.387339216773796,57.27539281910746,1.5582372160561224,159071.06491823145,False
2026-02-08T22:06:50.077404,0.6615274993838433,7.905665561465384,0.0,0.6913174473420101,27.519160753103773,51.325368071649564,1.7889794154374419,128882.49944654075,False
2026-02-08T23:06:50.077404,0.6589272354021984,7.936820618468596,0.0,0.6844681932048969,26.7739105053966,36.1495712846348,2.246463440864895,150732.24715987145,False
2026-02-09T00:06:50.077404,0.6567812956774882,7.9431305637051866,0.0,0.6922675639034505,22.737086361176665,46.38023222572285,1.4826243886510597,134788.7443156754,False
2026-02-09T01:06:50.077404,0.6546738165177981,7.799855887609575,0.0,0.677175463434734,24.033957603102195,57.35182503605078,1.2751824482317933,142389.1078714486,False
2026-02-09T02:06:50.077404,0.6525350878643447,7.939678857631752,0.0,0.6849872268267136,24.855125422862525,57.43361902427786,1.3368159283944137,134809.6603781458,False
2026-02-09T03:06:50.077404,0.6505156479397983,7.847281759560386,0.0,0.6868985932229141,22.317930133384024,55.80935546989987,1.1912038475975133,156363.3676040862,False
2026-02-09T04:06:50.077404,0.648384299300503,7.9404584827329465,0.0,0.6813714624998827,23.070301037914565,49.83643099410353,1.4153178589324227,135623.75952086764,False
2026-02-09T05:06:50.077404,0.6461196466386696,7.853047082160564,0.0,0.6820879648076034,24.847110599141114,48.09649988294852,1.6292733703567177,153278.83030945598,False
2026-02-09T06:06:50.077404,0.6436629625060861,7.935521306382073,0.0,0.6762055563262167,27.40205637856203,48.21671415926245,1.8902487425870567,151959.15501463425,False
2026-02-09T07:06:50.077404,0.6976259550736434,7.92608431335688,0.0,0.666315879545478,25.136191014834647,41.009092952337966,1.8839139228121047,157899.18945532545,True
2026-02-09T08:06:50.077404,0.6954417523598069,7.991323831006636,0.0,0.6612812268244862,25.484664283192988,56.07955318388813,1.4319770339709408,162952.89599509182,False
2026-02-09T09:06:50.077404,0.69325134649158,8.0,0.0,0.6651463435461205,24.534480193208374,50.4578808341857,1.5263895626364625,132780.32916498437,False
2026-02-09T10:06:50.077404,0.6912057164688433,8.0,0.0,0.6754926123220325,22.163051968280445,50.40252291446032,1.3244121626049796,133451.30421932568,False
2026-02-09T11:06:50.077404,0.6888500125073103,7.967346174671406,0.0,0.6779566225761022,25.872407229160824,46.45620327106667,1.786311759798527,138499.80425326253,False
2026-02-09T12:06:50.077404,0.6867946946322233,7.9392671920033715,0.0,0.6980472709689267,27.057035236470192,72.00675400642525,1.0013989071258589,136364.5573851998,False
2026-02-09T13:06:50.077404,0.6846424218330621,7.854700173173351,0.0,0.7053472188789497,22.357995524821682,44.92147702043186,1.488318384384087,167398.78607393114,False
2026-02-09T14:06:50.077404,0.6825823777304472,7.816494186636595,0.0,0.7191612272531082,21.903905264690746,51.85902190683337,1.2653783432095675,148303.51811949926,False
2026-02-09T15:06:50.077404,0.6802733764619019,7.837599068629594,0.0,0.7222479009929045,20.14034237829659,14.614255244029863,2.013970188201402,151017.45975401398,False
2026-02-09T16:06:50.077404,0.6776145398523089,7.761259763385911,0.0,0.7205634716691592,23.44843470030692,10.0,2.597892055682114,165695.1958305736,False
2026-02-09T17:06:50.077404,0.6756372850536037,7.919093751313314,0.0,0.74034260545033,18.970585032285392,44.781893512927205,1.2111341294428282,131470.0526513022,False
2026-02-09T18:06:50.077404,0.673485205686785,7.959948684081484,0.0,0.7339658301931659,24.960119023119542,62.24075167973717,1.1932905634397895,164682.13063243023,False
2026-02-09T19:06:50.077404,0.6712660885554295,8.0,0.0,0.747742311231848,27.166759911377813,65.87235271797081,1.2287216103968999,152344.28473212154,False
2026-02-09T20:06:50.077404,0.6692416188120881,7.949423257383767,0.0,0.743531062319908,21.395642370140592,57.32872429309155,1.0873027519980452,141179.52051096974,False
2026-02-09T21:06:50.077404,0.6673974320498163,7.928582310021021,0.0,0.7433406718954514,19.99744859430365,69.4201364087132,0.714930297450274,146355.89773703754,False
2026-02-09T22:06:50.077404,0.6649189641668195,7.9775541190147825,0.0,0.7456185897172709,25.36177808884858,40.13660021136057,1.9375904485284206,155783.73021570558,False
2026-02-09T23:06:50.077404,0.6624780432069441,8.0,0.0,0.7281737732370274,24.884576630848592,40.27939535331538,1.8788482591447937,146793.9188212652,False
2026-02-10T00:06:50.077404,0.6604122764756559,8.0,0.0,0.7458023726156275,23.486839463693368,61.628873565464964,1.1101670678269087,154924.34236139254,False
2026-02-10T01:06:50.077404,0.6576727416470581,7.982027580415532,0.0,0.7471310978956577,27.022038114425644,32.553118681865016,2.4078215962746756,168826.32678673227,False
2026-02-10T02:06:50.077404,0.6553176396088553,7.951903294017371,0.0,0.7478380597072203,22.746906483010044,33.762663415426076,1.8325993942672478,142854.0912068129,False
2026-02-10T03:06:50.077404,0.6527688079301145,7.917256962690731,0.0,0.7697926869238928,26.795555396058898,43.793741642525426,1.9800337804713626,151661.05852971002,False
2026-02-10T04:06:50.077404,0.6504596169015694,7.81839347738592,0.0,0.7580017450300613,27.349331800467624,63.37833240273914,1.332686254090262,150403.002734117,False
2026-02-10T05:06:50.077404,0.6481838687281165,7.826846576114936,0.0,0.7558024350197271,22.713337364240665,41.858475733069476,1.6053416294021674,144662.10674910928,False
2026-02-10T06:06:50.077404,0.6462942873963663,7.9188139249799665,0.0,0.7689409666976152,23.855091186859276,80.44103121215775,0.5785665065196715,137187.8524842193,False
2026-02-10T07:06:50.077404,0.6973817753359122,7.8134147244239065,0.0,0.7662954713389611,29.06960493306009,52.39438145309928,1.9146115035652724,132520.66856480527,True
2026-02-10T08:06:50.077404,0.6952998891897265,7.948936630007858,0.0,0.752128043086114,26.266685558424008,74.22663284735862,0.8801083280906061,165132.69673049098,False
2026-02-10T09:06:50.077404,0.693044512667161,8.0,0.0,0.7461653074257776,26.944115559123208,63.98913844134729,1.279706311214298,154785.89023911944,False
2026-02-10T10:06:50.077404,0.6906837135376187,7.960118105568061,0.0,0.7490206559342216,25.226303169646176,48.31144434333919,1.6595802654930256,147121.65561191516,False
2026-02-10T11:06:50.077404,0.68775004745438,8.0,0.0,0.7611608955061335,27.886573227796447,26.28200870082166,2.768138561582527,163230.52441672166,False
2026-02-10T12:06:50.077404,0.6851825024118422,8.0,0.0,0.7580193706759306,31.953589887427515,65.67463701754635,1.6278184766245727,160234.0220825175,False
2026-02-10T13:06:50.077404,0.6831221355863457,7.957861121621009,0.0,0.7643637515831284,21.555401345534793,55.7035779820943,1.1398025881294438,159413.79693025563,False
2026-02-10T14:06:50.077404,0.6807563474102608,8.0,0.0,0.7665483146423887,24.351338762543843,44.627796403558555,1.68742609249258,144599.42624451497,False
2026-02-10T15:06:50.077404,0.6778359190975072,7.8450662396745905,0.0,0.747067513172346,29.22272911136826,36.4576967781269,2.5782453160601646,151818.48629847457,False
2026-02-10T16:06:50.077404,0.675257771002825,8.0,0.0,0.7640564687166932,25.268623858720293,32.49213134649879,2.172956279748189,164027.8650309443,False
2026-02-10T17:06:50.077404,0.6725687553729633,8.0,0.0,0.7581827585977575,30.939889851712678,56.50823167239071,1.9472312215814873,158336.01927753811,False
2026-02-10T18:06:50.077404,0.6696636260273153,8.0,0.0,0.7726200724246681,30.017260081363276,41.16138592231043,2.499033333030533,139798.1886406636,False
2026-02-10T19:06:50.077404,0.6671326525128346,8.0,0.0,0.7726683909745558,23.18594606369085,23.794907671613366,2.1651317132132277,163217.73769670207,False
2026-02-10T20:06:50.077404,0.665000331759943,7.946614465069677,0.0,0.7805619585838289,24.011154130455093,62.530723624994955,1.1188010347643156,155648.28910809418,False
2026-02-10T21:06:50.077404,0.6621761002120289,8.0,0.0,0.7508937832218556,28.414645135482424,38.11162266266335,2.396413330892331,145043.1014359857,False
2026-02-10T22:06:50.077404,0.6599015754467495,7.988396830864403,0.0,0.7443934217280359,23.612435116178563,46.654322803183206,1.555135642233185,147211.3998510975,False
2026-02-10T23:06:50.077404,0.6575012405582641,7.97347014991346,0.0,0.7505545126379695,23.655984547348986,35.677587428220626,1.8800515937382551,155393.7672625774,False
2026-02-11T00:06:50.077404,0.6552278418877114,8.0,0.0,0.7499388526160178,25.550801521154273,56.70802506414472,1.4170359371182746,162242.82946097356,False
2026-02-11T01:06:50.077404,0.6527926016995378,7.941090002482868,0.0,0.7528602350846493,25.5596062548568,44.9700532543652,1.8021849813536672,155598.91360989056,False
2026-02-11T02:06:50.077404,0.6506529963455024,7.8744669349143015,0.0,0.7646526634682177,26.646297296076874,70.56906930861308,1.0277345326392235,165457.09139883833,False
2026-02-11T03:06:50.077404,0.648776845701911,7.963124191393725,0.0,0.7704162072622245,22.671133777774912,78.79310862928813,0.584045710823279,151011.4599986347,False
2026-02-11T04:06:50.077404,0.6463247378036145,7.995660337628946,0.0,0.7736266825313569,29.177754689895274,62.06509287569905,1.5352293191840216,154289.10287135336,False
2026-02-11T05:06:50.077404,0.6442745540902455,7.793972798422294,0.0,0.7810376195467517,25.0431474008314,73.07959603825012,0.854972732278541,157204.17082408155,False
2026-02-11T06:06:50.077404,0.6419732707657285,7.782009904211686,0.0,0.7817109534362372,24.35522672213816,51.27323478754908,1.4852570050493665,145612.42535452172,False
2026-02-11T07:06:50.077404,0.6977288284939052,7.754304310140964,0.0,0.7806559268371993,22.86316451896058,45.57115936212921,1.5165341719071714,132094.52326759632,True
2026-02-11T08:06:50.077404,0.694712366957192,7.7419806444905666,0.0,0.7809720690496865,27.517397226883073,20.80217764300828,2.9105237713864947,151719.3417851877,False
2026-02-11T09:06:50.077404,0.6920452444678028,7.935576299005678,0.0,0.7829015095405069,28.93884954335237,49.81525833193932,2.0031459949203154,143726.99889174034,False
2026-02-11T10:06:50.077404,0.6898734347948432,8.0,0.0,0.7793037627274259,22.909625855215996,54.87170617627435,1.2609374426873652,168970.91799604695,False
2026-02-11T11:06:50.077404,0.6875035090939075,8.0,0.0,0.7682561652404719,29.398314898898278,67.84867427533992,1.317821812754251,158930.07739173906,False
2026-02-11T12:06:50.077404,0.6848511131709891,7.902247817415585,0.0,0.7604720533138929,25.133735046068722,27.79583860484851,2.3055510463453412,148080.98961071315,False
2026-02-11T13:06:50.077404,0.6824276135941292,7.877921540537393,0.0,0.7560474124570141,26.26866654541122,50.376914002964604,1.6947260034592546,151126.98345159838,False
2026-02-11T14:06:50.077404,0.6796363165176407,7.902849873767875,0.0,0.7517840466157444,26.74837360933676,28.131666027305016,2.524766889976875,133855.4194127604,False
2026-02-11T15:06:50.077404,0.6773475449975518,7.761747850064372,0.0,0.7437682870842655,23.860773209369015,46.955458011703364,1.569626472778083,135109.63860995995,False
2026-02-11T16:06:50.077404,0.6748922426265053,7.73807392239,0.0,0.7562351699199373,24.619691802402574,37.3755084435736,1.9393066035034332,160801.71626466402,False
2026-02-11T17:06:50.077404,0.6726084049348647,7.868794627722404,0.0,0.7786109920942471,22.93523880013708,42.331801985863635,1.6138167107043773,147544.91816746778,False
2026-02-11T18:06:50.077404,0.6702796195764054,7.809546186294019,0.0,0.7687230338236257,23.245664911737514,42.46715442604279,1.6405228198336037,142945.3142246145,False
2026-02-11T19:06:50.077404,0.6679609490543669,7.9239290059429335,0.0,0.7740059595515838,25.148123096530707,52.923122549980405,1.5044992171792742,156334.2320545686,False
2026-02-11T20:06:50.077404,0.6658673869420095,8.0,0.0,0.7627889644136371,23.824704747824654,65.05536137534699,1.0317983414451162,146802.45640241733,False
2026-02-11T21:06:50.077404,0.6633566846185057,8.0,0.0,0.7759724144500869,27.17596776774187,49.33491030803021,1.8251151268285624,134279.18281638497,False
2026-02-11T22:06:50.077404,0.6611441254823431,7.761474473404736,0.0,0.7903064158857168,24.263141498039786,57.46619601550954,1.2893579828362922,154484.77926219665,False
2026-02-11T23:06:50.077404,0.6589366996815378,7.857867570242024,0.0,0.7953319005444013,20.432120809157936,37.078370609616215,1.5111041366952611,145455.42589318843,False
2026-02-12T00:06:50.077404,0.6568709308088855,7.96360483257185,0.0,0.8048854462629884,25.517408120934714,75.26873041506133,0.8079035839047806,166155.91066695633,False
2026-02-12T01:06:50.077404,0.6544729191780186,8.0,0.0,0.8047403767667525,23.82415604820524,42.56593670487022,1.695779933689757,131845.55701390738,False
2026-02-12T02:06:50.077404,0.6520974044684822,7.997106045410221,0.0,0.7934310555433676,25.120085924950416,51.52048083328802,1.5467426873194563,150700.4459439051,False
2026-02-12T03:06:50.077404,0.6499746477909926,8.0,0.0,0.7809992782337409,28.732770099674624,80.43053216082859,0.7718651693683705,150165.92707474544,False
2026-02-12T04:06:50.077404,0.6472938068693508,8.0,0.0,0.781025523583381,25.25017739614502,27.543437268230484,2.3296896602772437,135763.3234891964,False
2026-02-12T05:06:50.077404,0.6450581052116736,8.0,0.0,0.7875425820015429,20.746567920586926,35.13752646522302,1.5881918558005286,151136.85005292535,False
2026-02-12T06:06:50.077404,0.6428500410319159,7.833920774244827,0.0,0.8024028845087066,26.176504468803607,66.85895738168186,1.125692651951761,147360.23780611122,False
2026-02-12T07:06:50.077404,0.6971238723293155,7.925957263192778,0.0,0.812695231050959,26.40298454867449,23.51258956352984,2.6329657957662085,134830.75308068583,True
2026-02-12T08:06:50.077404,0.6946053629388067,7.980299364375078,0.0,0.8050560784477683,22.538060105280913,23.934318236087037,2.0780326814259844,131323.96377324444,False
2026-02-12T09:06:50.077404,0.6920279456091356,7.946332775801727,0.0,0.8093242895188123,29.603036994826304,59.046720804033065,1.6984988421058533,154355.7354446116,False
2026-02-12T10:06:50.077404,0.689763225259726,7.900399566932198,0.0,0.7960349991127723,25.14953254629659,60.34673194257565,1.2673592023755034,152594.38027078836,False
2026-02-12T11:06:50.077404,0.6874246438883668,7.8953299406495905,0.0,0.7988492410210744,25.638369456940598,56.05676858055427,1.4458409019227922,169914.46269303813,False
2026-02-12T12:06:50.077404,0.6852461182036024,7.899326672313091,0.0,0.8004710996983306,22.690634905947487,54.73014739585682,1.2482236888035845,146100.47950223376,False
2026-02-12T13:06:50.077404,0.6830899403858735,7.951957879562438,0.0,0.8035581450110503,22.39572930391322,55.42389032798237,1.207290201042269,150573.59601151603,False
2026-02-12T14:06:50.077404,0.6805565055689591,7.967340575635444,0.0,0.7795293731808437,28.675238965682198,57.573837958824676,1.6678195723380513,141083.20326549382,False
2026-02-12T15:06:50.077404,0.678009261975509,7.85561492103182,0.0,0.7805427741684425,29.332047365844545,58.048781573955225,1.7129464328521076,145960.56923948877,False
2026-02-12T16:06:50.077404,0.6755040137307813,7.9070802145134325,0.0,0.7694079381239906,29.427193114400694,60.75192709870458,1.6113826238487157,151977.78868894826,False
2026-02-12T17:06:50.077404,0.6733749551695426,7.876395017264184,0.0,0.7666430521177638,22.80404671765056,56.83267897967404,1.1984593933757854,153467.2383018624,False
2026-02-12T18:06:50.077404,0.6709713076111691,7.874855111016129,0.0,0.7600391680194256,25.84436781575704,50.08397172251173,1.6625223478816606,156454.8668017551,False
2026-02-12T19:06:50.077404,0.6683534305170096,7.97414740927244,0.0,0.7593500674046382,24.810887763166594,27.455374995631754,2.2722927680999,146141.79541730735,False
2026-02-12T20:06:50.077404,0.666069137046269,7.921235822797848,0.0,0.7492591188227693,22.877263942226644,42.24226803540017,1.6106603970416766,140113.92033929582,False
2026-02-12T21:06:50.077404,0.663117944076034,7.9501415464634295,0.0,0.7422885025723466,32.09120698197255,48.6694613736677,2.453259162403998,170186.18066344375,False
2026-02-12T22:06:50.077404,0.6604629278562228,7.975066919355104,0.0,0.7419100945286675,30.386099277993672,54.691910541572376,1.9654380593223229,160472.9395963843,False
2026-02-12T23:06:50.077404,0.6582645161680905,7.986194697041139,0.0,0.7310836021849485,21.599871822220177,40.37592863029646,1.538380046790275,164331.05252490976,False
2026-02-13T00:06:50.077404,0.6559816605595163,8.0,0.0,0.734797223892593,26.230340064707804,57.606881187391124,1.444538122943215,133827.37590491853,False
2026-02-13T01:06:50.077404,0.653514227338108,8.0,0.0,0.734353103951127,27.11046715777998,49.78685624477954,1.801904572903818,151296.57918193383,False
2026-02-13T02:06:50.077404,0.6507837151139885,8.0,0.0,0.7284483275302931,27.099826129367734,32.80603188040474,2.4097598162877993,146479.34167784717,False
2026-02-13T03:06:50.077404,0.6484835848793205,8.0,0.0,0.7479532536827345,25.965144681530212,54.98521585521213,1.510029954928995,141678.47767093751,False
2026-02-13T04:06:50.077404,0.6462214128224222,7.964774799467088,0.0,0.7597057886912424,22.906530410290777,43.27153921990849,1.5847627633637824,153799.9983287568,False
2026-02-13T05:06:50.077404,0.6439486010826693,8.0,0.0,0.7663078758073919,21.35421438092746,33.17099421368107,1.698548360730292,141086.09107445157,False
2026-02-13T06:06:50.077404,0.6415569551454643,8.0,0.0,0.7592187708078192,27.737120881032894,59.58015139256453,1.5046116651029875,149589.58672087864,False
2026-02-13T07:06:50.077404,0.6395880424910544,7.996046150946701,0.0,0.7495432476941358,19.721492436142896,55.63686527916043,1.0195850301948217,155867.76316040603,False
2026-02-13T08:06:50.077404,0.6376272039556372,7.991927093602276,0.0,0.7452727893218613,22.19365533149582,67.54702969921556,0.8682144582084959,139572.63011833842,False
2026-02-13T09:06:50.077404,0.6358202109545736,8.0,0.0,0.7443002981778374,19.584202667741877,72.14384314911771,0.6347775188476144,137247.8215158351,False
2026-02-13T10:06:50.077404,0.6333895441288449,7.949606187320185,0.0,0.7450687214212174,24.472947142003044,38.43648929289487,1.8898022140878805,160730.09790665295,False
2026-02-13T11:06:50.077404,0.6302566805710252,8.0,0.0,0.738023761190939,29.430768944857963,24.955076368581405,3.081705368319859,150359.76741934166,False
2026-02-13T12:06:50.077404,0.6280890187980198,7.837010355538531,0.0,0.7408622677934183,21.54812191706928,42.68333325890161,1.474173348818969,154571.31871524302,False
2026-02-13T13:06:50.077404,0.6254902912095575,7.923957629360943,0.0,0.750457357429876,27.098708838548674,41.728085446722694,2.089653652837634,163745.73336576487,False
2026-02-13T14:06:50.077404,0.623190933953948,8.0,0.0,0.7502704555741239,23.8329942215723,45.79491918884676,1.6012923738515692,143098.33172770287,False
2026-02-13T15:06:50.077404,0.6209823760005142,8.0,0.0,0.7404309824763953,26.22697997357584,64.16641137087171,1.220781192917249,150388.90505539192,False
2026-02-13T16:06:50.077404,0.6189660248832733,7.958291743867586,0.0,0.7379208361765518,23.42013358672623,66.74682251006274,0.9582322984611011,154896.94298588653,False
2026-02-13T17:06:50.077404,0.6162402835908887,7.97945964433381,0.0,0.7395407749121287,27.063748334172956,33.14094467115866,2.3926823861144144,155518.79609139645,False
2026-02-13T18:06:50.077404,0.6143027370940382,7.861902542692639,0.0,0.740944063091041,22.55886841671456,70.18799858692581,0.8154610785493459,148660.73105013208,False
2026-02-13T19:06:50.077404,0.6122309273736174,7.717514775204923,0.0,0.7372558358017107,18.842369010745813,34.860838279593715,1.417347832374247,144348.30187205478,False
2026-02-13T20:06:50.077404,0.6096198308658985,7.744899672417602,0.0,0.7422546080812583,27.67101761513662,43.83884840839872,2.0825260751668813,149058.811294922,False
2026-02-13T21:06:50.077404,0.6076918902379829,7.882087488639468,0.0,0.7195795360025471,19.457116537910405,56.74951654198523,0.9778268268813413,156184.59737469634,False
2026-02-13T22:06:50.077404,0.6058362138421779,8.0,0.0,0.7218237987369353,24.279806639396107,81.15646186673072,0.5717882842015665,151593.91417525813,False
2026-02-13T23:06:50.077404,0.6037551774452395,8.0,0.0,0.7386706555370753,20.108508320117945,40.42188789280448,1.4024888027436853,145260.6794093307,False
2026-02-14T00:06:50.077404,0.6016119358668341,7.9022073051028,0.0,0.7414844501951087,19.502039020207533,30.921771924128095,1.566119040035693,140095.34158632264,False
2026-02-14T01:06:50.077404,0.5993042452838792,7.901180489395336,0.0,0.7448485507068544,27.99499218419472,64.01245382452605,1.35990759233208,139409.58565727287,False
2026-02-14T02:06:50.077404,0.5968931798968883,7.9315441831408435,0.0,0.743361359438277,27.65610742626115,56.58188295917128,1.60859766572664,151875.85601768194,False
2026-02-14T03:06:50.077404,0.5947230415533653,7.934385515332756,0.0,0.7486160707360424,21.546139746910093,43.016902323393886,1.4654163411771997,172454.61864972915,False
2026-02-14T04:06:50.077404,0.5922696206531047,8.0,0.0,0.7621867407746659,28.25488533223147,56.885747929157155,1.6540315638490233,159970.10002397106,False
2026-02-14T05:06:50.077404,0.5898748128598644,7.986862654446702,0.0,0.7487288933085056,25.84996575822783,50.38801798235668,1.6529431957153695,128554.59077730085,False
2026-02-14T06:06:50.077404,0.5877483774638159,7.913777147591339,0.0,0.7351173977402493,22.186115843806625,51.68020262028448,1.292106706392634,153038.21658720775,False
2026-02-14T07:06:50.077404,0.5851638159201014,7.915718601078023,0.0,0.7357707536208272,27.108775047563732,42.283981760437435,2.070940681681356,137374.66762546383,False
2026-02-14T08:06:50.077404,0.5826379664593497,7.8971646899357735,0.0,0.7271395766534016,28.789031091884187,54.22984829677995,1.8111704929312764,148357.7113183222,False
2026-02-14T09:06:50.077404,0.5799767255453673,7.9207088273423905,0.0,0.7264402838765257,25.806414675909732,28.461548196054796,2.377340293401157,155785.28153839827,False
2026-02-14T10:06:50.077404,0.5774197119601814,7.875414671562749,0.0,0.719182953348675,22.961825209932194,15.156528093796112,2.3781262449109115,156253.31571733952,False
2026-02-14T11:06:50.077404,0.5754625410656664,7.996686681004929,0.0,0.7098522343357911,23.348881529475072,69.52865749742068,0.8743053096395275,156872.44272212446,False
2026-02-14T12:06:50.077404,0.5733609074073915,8.0,0.0,0.7033543507379743,24.67882518145407,62.30779098096842,1.1713526606039393,149648.76746241841,False
2026-02-14T13:06:50.077404,0.5715135403697826,7.928747455981137,0.0,0.7101668967691032,26.384454439242646,85.77479610735429,0.48914707396385193,142853.6461222235,False
2026-02-14T14:06:50.077404,0.5693565679138167,7.963718849124047,0.0,0.7050621277729626,25.42300265653418,61.35374121387584,1.2554145231059939,148094.95968925915,False
2026-02-14T15:06:50.077404,0.5673526052477694,7.877631730379411,0.0,0.7103886576739024,20.754337393546045,50.96728221110329,1.2011661531192677,142115.2818687778,False
2026-02-14T16:06:50.077404,0.5647657983294365,7.854241433079277,0.0,0.7097749699464554,28.8585027287618,49.53717473176541,2.0049078897788988,163447.58292117805,False
2026-02-14T17:06:50.077404,0.562823243710854,7.8727231984798545,0.0,0.7153346493875519,22.743243319110842,67.45227546722094,0.9003034135081642,141685.11443678898,False
2026-02-14T18:06:50.077404,0.5607890899725086,7.9336284572766695,0.0,0.712334325525272,23.220077439545697,61.91841535588701,1.0842027480403387,142598.35833659046,False
2026-02-14T19:06:50.077404,0.5589153955853094,6.833655720765605,0.0,0.7246354015294971,18.237482715861674,52.098683891588685,1.0035378619817241,147523.45756292154,False
2026-02-14T20:06:50.077404,0.5565807957269527,6.25989772268613,0.0,0.7185521758874174,24.843442290720617,46.39844038309814,1.6822081507742557,130636.35041254957,False
2026-02-14T21:06:50.077404,0.5544273423938169,5.89758014961778,0.0,0.7214625821763432,26.79936869451236,67.66994890615814,1.1391780882561648,151490.3685304981,False
2026-02-14T22:06:50.077404,0.5520946381961995,5.583483463180616,0.0,0.7254175520368132,26.677116033047056,55.540975239448144,1.555335646821625,131160.0270024627,False
2026-02-14T23:06:50.077404,0.5497681147864877,5.186383715532566,0.0,0.725615022704989,23.40000441375043,38.50717623210535,1.7698440548491996,143979.1447233393,False
2026-02-15T00:06:50.077404,0.5475964574565437,5.010962500684116,0.0,0.7261006569330006,24.44042691724337,57.10781874540255,1.314093751122592,153883.914113932,False
2026-02-15T01:06:50.077404,0.5454348745151801,4.810300072611367,0.0,0.7362204061743326,24.260678347537095,57.09789244892618,1.3003307606168506,156998.83071281237,False
2026-02-15T02:06:50.077404,0.5430111112975023,4.591309602098386,0.0,0.7424221517253953,24.802174170434956,40.297042630949335,1.8690854065660742,160249.76078513317,False
2026-02-15T03:06:50.077404,0.5404932287677954,4.413609290131397,0.0,0.7434804664951233,22.180695490134532,13.739063009256206,2.305919639892929,165534.189157947,False
2026-02-15T04:06:50.077404,0.5377706584195578,4.491524087412309,0.0,0.7368551498109556,24.416108760488797,14.837752138414636,2.6053345484063892,141031.25010511192,False
2026-02-15T05:06:50.077404,0.5356762498481079,4.444425715810038,0.0,0.7501240057301525,28.887093959128777,78.87269537702234,0.8407855020345041,153131.64059812066,False
2026-02-15T06:06:50.077404,0.5329504962227184,4.3451139348349015,0.0,0.7476451243635608,26.00238534088267,27.058773398729898,2.4522211938069964,127523.56519686888,False
2026-02-15T07:06:50.077404,0.5308352426982906,4.308520065926193,0.0,0.7461937698042045,23.236898160751448,58.049358207726755,1.1955704497382365,138741.9458988069,False
2026-02-15T08:06:50.077404,0.528974506937702,4.206470299790383,0.0,0.7519711685717468,25.1911486524901,85.44061127471198,0.46648646133226856,148568.19571309641,False
2026-02-15T09:06:50.077404,0.526726708704655,3.95139203286797,0.0,0.7470345813947871,28.085677898618282,68.61025868580528,1.1924423346925255,144758.094701337,False
2026-02-15T10:06:50.077404,0.524068037678862,3.8395169986813102,0.0,0.7375323335604325,28.572357475137494,46.36120370944352,2.096066004643551,145376.8318552291,False
2026-02-15T11:06:50.077404,0.5221157043140636,4.108383323622817,0.0,0.7434064740747078,25.60873904689317,79.10946269957444,0.6861439715999067,157420.51769055106,False
2026-02-15T12:06:50.077404,0.5198914472391192,4.318041523829049,0.0,0.7623709117711843,24.94403579520876,56.93824501857967,1.3595600177641904,138584.52838048048,False
2026-02-15T13:06:50.077404,0.5175907425315113,4.204947245881227,0.0,0.7594052536531749,24.925555736617248,52.630980804850886,1.4939042227261663,136458.3242223566,False
2026-02-15T14:06:50.077404,0.5152824053333978,4.02054642585703,0.0,0.7588924448112198,23.87104617449898,46.0932135266647,1.5961257986103776,155282.06956509652,False
2026-02-15T15:06:50.077404,0.5129790369989432,3.949320128499012,0.0,0.7568776616342775,28.136209236280507,65.94405762431356,1.2975355853338164,163563.0290562851,False
2026-02-15T16:06:50.077404,0.5104535990678687,3.7635627191018477,0.0,0.7550813199189512,28.451716032753637,54.087102045829596,1.7816471608477853,147748.79304184718,False
2026-02-15T17:06:50.077404,0.5085227227186017,3.8572935754940643,0.0,0.7399565644458658,22.698664311703823,72.9218617179462,0.7469878765004121,129169.60049835246,False
2026-02-15T18:06:50.077404,0.5064296710295917,3.8915855718970196,0.0,0.7491388536989864,26.40819150102008,71.93022579612756,0.9665569429479706,148934.3767455132,False
2026-02-15T19:06:50.077404,0.504398953500527,3.767100605075839,0.0,0.7684876659713566,24.000073463290555,68.6752666603235,0.9347083143109791,157837.89814537353,False
2026-02-15T20:06:50.077404,0.5024813893654433,3.8783193149164052,0.0,0.7837435975657008,17.26002284953286,48.19957631557138,1.0204118567329978,154319.47831182898,False
2026-02-15T21:06:50.077404,0.49991703065015813,4.037063156010061,0.0,0.7795814806721405,25.077730573029136,35.32802127268972,2.058169113629422,157256.12672056118,False
2026-02-15T22:06:50.077404,0.4978805169180222,3.9778840844506873,0.0,0.7913032517183796,23.82612817171245,70.32506383457833,0.876276610331828,152389.7732830092,False
2026-02-15T23:06:50.077404,0.4957676385368743,3.9352415896776254,0.0,0.7963066597854589,23.034284747207806,61.56920952750312,1.0819300482503391,154512.2816648162,False
2026-02-16T00:06:50.077404,0.49364220448205365,3.6421902914099027,0.0,0.8015338356232953,24.952624950408623,68.96397843238353,0.9803812196366128,156237.89877136293,False
2026-02-16T01:06:50.077404,0.49115870869339706,3.587054037323163,0.0,0.7879857359871751,24.894214778789326,41.83144004901977,1.8310717465573194,139641.18216406606,False
2026-02-16T02:06:50.077404,0.4890359603787972,3.565234079843724,0.0,0.7867145406139707,26.51795345068518,73.88427177469885,0.9051043942760502,133404.6831520613,False
2026-02-16T03:06:50.077404,0.4860593185943226,3.538154705292409,0.0,0.7814776564168423,28.109515417294443,27.69397407994088,2.750593939197037,134695.21582086198,False
2026-02-16T04:06:50.077404,0.48400494949275413,3.3778142025608298,0.0,0.7794548244286348,20.824179696615925,55.047972505716686,1.1059425891511652,142576.69120352794,False
2026-02-16T05:06:50.077404,0.48182811611957915,3.3475061110059805,0.0,0.7656241034588784,22.171378141842922,50.050280532696945,1.3344943703828696,132982.4280190245,False
2026-02-16T06:06:50.077404,0.47999378346343274,3.3235362976353584,0.0,0.7818046812269895,22.014070662050575,80.70184766800432,0.5106676210092256,157641.63277785442,False
2026-02-16T07:06:50.077404,0.4769594915604315,3.3898797882967684,0.0,0.7888055329916002,28.240088225715276,24.83411174919937,2.8811790674499402,151804.25606279154,False
2026-02-16T08:06:50.077404,0.47479865643900365,3.490725905395824,0.0,0.8012433070015877,23.946342405086185,61.37337723249576,1.1488796901355691,149539.6310351947,False
2026-02-16T09:06:50.077404,0.47232729290673603,3.3968295829712223,0.0,0.7897099265356736,23.465360268933456,33.7330382579334,1.9147791718817704,143458.56613889075,False
2026-02-16T10:06:50.077404,0.46980243271573385,3.3725342709412627,0.0,0.7821006405211758,24.22350119722807,33.33264856728357,2.0161419086533794,142810.88364798896,False
2026-02-16T11:06:50.077404,0.4671070613133673,3.154465047558005,0.0,0.7673586114009134,29.377105061350946,50.40174893172629,2.0304551453022137,138654.19263036564,False
2026-02-16T12:06:50.077404,0.4649753961794818,3.1994960746614365,0.0,0.7565251939625993,19.741642252004993,37.83615071437308,1.4304805729221817,137022.4511354908,False
2026-02-16T13:06:50.077404,0.462531038969114,3.356968308436408,0.0,0.7424052753007025,22.606022613689102,25.538485176319117,2.0426153838593404,149437.52176186172,False
2026-02-16T14:06:50.077404,0.4598480185971706,3.2341261072126657,0.0,0.7372793909892775,27.546071446873498,39.05682027344861,2.243420458531437,140249.4762307013,False
2026-02-16T15:06:50.077404,0.4575848366496337,3.1458776097218863,0.0,0.7473646334332861,24.25182572902328,49.883017771666694,1.5182028755485106,157009.96075254676,False
2026-02-16T16:06:50.077404,0.455386751648574,3.2907224677851077,0.0,0.7426316856397865,23.122936448923948,50.167221242478654,1.4104648312608736,156735.8397579681,False
2026-02-16T17:06:50.077404,0.4525833655040339,3.285253992277865,0.0,0.7215816055647539,29.09267864303208,40.68912450538041,2.388556551730053,167462.99270192385,False
2026-02-16T18:06:50.077404,0.4505931859489216,3.254710314322582,0.0,0.7127873036822971,21.984879495640932,60.808338547031916,1.03524596428377,138824.3219567774,False
2026-02-16T19:06:50.077404,0.4485946557908057,3.300235224556281,0.0,0.7293416632981709,23.45137479637873,65.76930469744953,0.9882601355429981,137908.46383636407,False
2026-02-16T20:06:50.077404,0.44602948858039904,3.2095666918628236,0.0,0.740464039482043,25.433066429806356,33.07548467277917,2.1753263295115635,160531.86455541843,False
2026-02-16T21:06:50.077404,0.44407288285696583,3.1794861354114983,0.0,0.7413316692727225,18.541437246884673,47.317521634106285,1.1249347016930333,149453.8354871716,False
2026-02-16T22:06:50.077404,0.4418593094580811,2.921392644285789,0.0,0.7636331694801127,26.660965966284813,64.85172404096045,1.2284449618173863,131594.5689203913,False
2026-02-16T23:06:50.077404,0.43978748250432165,2.9897630475583976,0.0,0.7838498814125147,24.962032202409002,70.3140344415981,0.9382607562023395,158137.26468313174,False
2026-02-17T00:06:50.077404,0.4374329292727739,3.0418880892451017,0.0,0.7819761978589518,22.323602825627482,34.65549188196734,1.762035424903264,145083.79991138788,False
2026-02-17T01:06:50.077404,0.4347495818154251,3.048160334408228,0.0,0.7971322315128461,29.24571365698998,50.431466752338515,2.013924550994136,149522.8754025478,False
2026-02-17T02:06:50.077404,0.4321488728388023,2.912409259696106,0.0,0.8122398805559902,26.31952181363671,41.31628044554445,2.0101850599278945,155257.3209380377,False
2026-02-17T03:06:50.077404,0.43002100065708604,2.870534549905519,0.0,0.8132058481774547,21.366727088134194,53.94804961265719,1.171369218829057,147909.6254219904,False
2026-02-17T04:06:50.077404,0.42807801377276544,2.791638338478251,0.0,0.8057895237450136,25.47036790404906,85.53023062706502,0.4713705264035144,154698.60257927777,False
2026-02-17T05:06:50.077404,0.4255612435116371,2.7771515740803956,0.0,0.8093952697226625,25.570456186633624,43.620231676229764,1.8475790578457925,157052.72443756007,False
2026-02-17T06:06:50.077404,0.42339445348171395,2.9033258250417,0.0,0.8001241408328492,24.339444915999056,64.4485106218905,1.0826336727818768,145113.9069818217,False
2026-02-17T07:06:50.077404,0.42057667281549843,3.138946029903168,0.0,0.8137381993136056,27.505109127542745,34.42508675067522,2.40815122592969,155076.98109328302,False
2026-02-17T08:06:50.077404,0.4185809544813586,3.173918483632325,0.00026278620715580736,0.8219815801902978,19.519499615500667,58.484122782132715,0.9422561945422636,149602.7659685499,False
2026-02-17T09:06:50.077404,0.4165644651514888,2.9238874553194196,0.0008858570539297229,0.809616091679871,19.10288389435724,54.70822578155645,1.001644424797869,149545.75249541283,False
2026-02-17T10:06:50.077404,0.4143295739506578,2.7509249774675055,0.001891643099259572,0.8107688183333192,23.159952724035897,53.2135362356386,1.3272070010934989,141221.74582004058,False
2026-02-17T11:06:50.077404,0.41222335724490117,2.7823400531328613,0.003237179973018597,0.800031615667754,24.30740815918823,69.28675845607306,0.9335043349409915,147435.69176242477,False
2026-02-17T12:06:50.077404,0.4101412097778719,2.6575083717253705,0.004901022867354354,0.7969934914627786,28.017735108320174,81.48084715448329,0.700734266787066,154127.2062364697,False
2026-02-17T13:06:50.077404,0.4078406995427791,2.4613230783972604,0.006907694030879398,0.7784422096422666,23.322232861554223,47.1555070775903,1.5138158833823703,166749.52289667167,False
2026-02-17T14:06:50.077404,0.4053508908433715,2.6370879596022703,0.009275107321303676,0.7953883421565916,27.84940602652902,54.91112417756682,1.6894406951719003,137330.78117056482,False
2026-02-17T15:06:50.077404,0.4033145691104419,2.614761978808701,0.011901246564415916,0.7929438821920813,21.24780283297925,60.77166007839676,0.9905599947488244,153537.3915932325,False
2026-02-17T16:06:50.077404,0.400423036532361,2.685192524656298,0.014931547841313463,0.8029657937942788,28.079376142218806,32.97498598101116,2.5452316124504777,146178.8724819972,False
2026-02-17T17:06:50.077404,0.3978384790927448,2.5799912158315044,0.0182889558024432,0.7938033290393463,26.388885444904787,43.249756450461206,1.9519204426497911,142298.59567264255,False
2026-02-17T18:06:50.077404,0.3952012761273371,2.547444356785979,0.0219668642850364,0.79184742327658,28.7363626627793,51.342119261775665,1.919578876202913,139419.93594469313,False
2026-02-17T19:06:50.077404,0.39293248131082636,2.5341090768018217,0.025881024531742666,0.7766320280348791,21.03000628758179,34.94028685074547,1.621023219138089,166128.28958860552,False
2026-02-17T20:06:50.077404,0.3906336700138259,2.528717809422881,0.030025182561854446,0.7687333631123524,22.06499381063854,37.424018702715436,1.6610313657322364,154035.18871546153,False
2026-02-17T21:06:50.077404,0.3885145199600857,2.3766706219499634,0.03435456788559771,0.7769278107221154,22.675323837027037,57.0179750178208,1.1840418162532125,145159.82861314883,False
2026-02-17T22:06:50.077404,0.3862163958799165,2.2816622299109595,0.03889306247651847,0.7766376695207641,20.42625160407735,25.420847977519337,1.790418728757572,135266.19289343827,False
2026-02-17T23:06:50.077404,0.383683863157428,2.3119299996236644,0.04367361987909478,0.7642018646553121,25.283137663060355,38.400693876509536,1.984481612339311,145514.7651839659,False
2026-02-18T00:06:50.077404,0.3814885929117017,2.2215102376127547,0.048621680938528616,0.753262989594514,24.845089564781645,60.46670596124664,1.2408176802084268,163018.628879315,False
2026-02-18T01:06:50.077404,0.37941580674255554,2.2174158546166014,0.05370618823557339,0.761727783684733,22.40202258918531,58.34735407109722,1.1285431911528323,140889.64520325407,False
2026-02-18T02:06:50.077404,0.3772904416494052,2.4300352840271984,0.058930056296127103,0.7652589893592447,23.34305300470408,59.04097986444808,1.1748120391116461,141711.10687488085,False
2026-02-18T03:06:50.077404,0.3746555825200977,2.497574332345506,0.06438066782945082,0.7593032948651153,27.7470687704417,44.694629480032106,2.05991401217614,148465.51039771546,False
2026-02-18T04:06:50.077404,0.3721895427290831,2.464023860393512,0.0700154228214814,0.7495485721257588,28.030639166627203,55.86721041548183,1.6711670586258731,144801.02681511862,False
2026-02-18T05:06:50.077404,0.3700132722959553,2.4229542149127288,0.07577145310708228,0.7471452168171475,22.91274424065432,51.16684411380393,1.364713186722025,142639.50399920615,False
2026-02-18T06:06:50.077404,0.3676337627451846,2.3550618153898886,0.08168033179521249,0.7336023261025716,26.07838228673523,51.43889888469585,1.6399309360759324,122181.07442353659,False
2026-02-18T07:06:50.077404,0.3654834295454518,2.394673121355254,0.08769197640073857,0.7349372207316439,22.357032834590758,48.80234748538462,1.383369499673534,142495.47997442598,False
2026-02-18T08:06:50.077404,0.3636647416875177,2.3198258389064437,0.09373983282375392,0.7160831078770024,24.766037226737016,86.67290731471189,0.4163248717862835,146430.79971708206,False
2026-02-18T09:06:50.077404,0.36148499859318484,2.1177455174964313,0.09988895255419866,0.7184144098554198,24.76404008097098,57.177273537168475,1.3375791702756727,142362.24596173063,False
2026-02-18T10:06:50.077404,0.3593032836303545,2.310676100766669,0.10613463758753419,0.7311703529564968,20.909241816638826,34.650610993104884,1.6162045154652884,150354.0844678922,False
2026-02-18T11:06:50.077404,0.35649979791001907,2.4074816516352624,0.11258720239148728,0.7258865117164088,31.95025669946001,53.6975514760631,2.1953964721694152,142241.56542974053,False
2026-02-18T12:06:50.077404,0.3541311436215972,2.3584809662495103,0.11915577863828382,0.7248783647972256,24.77177004775543,43.478950559016916,1.7662644145850785,137822.91127281715,False
2026-02-18T13:06:50.077404,0.35216724750409767,2.3743552609300496,0.12575961053894413,0.7228075573387,18.93703105845884,46.81925637335325,1.1640072647455324,130895.25244285613,False
2026-02-18T14:06:50.077404,0.34940797872456003,2.292381565240389,0.1325442265444858,0.7354881051451205,28.341382075976416,37.73736523227461,2.400671737970212,119104.69472320972,False
2026-02-18T15:06:50.077404,0.3469721292190113,2.2574883180851826,0.13944069499151868,0.7306570132733677,28.789733884828223,59.28901864950022,1.6110396157697244,129510.08870238902,False
2026-02-18T16:06:50.077404,0.3445075123860879,2.32232637463565,0.14644875054081535,0.7371884545525449,24.471139846747285,34.544181523496775,2.0090664064361277,121936.10088883353,False
2026-02-18T17:06:50.077404,0.34222267483667845,2.3439196100387196,0.15352952137735265,0.7287404747494981,24.980771328265252,51.98941295806789,1.5191276027652065,140844.62529930973,False
2026-02-18T18:06:50.077404,0.34001823222870164,2.395590006702156,0.16066448378465137,0.7353218115743421,20.446267240571153,29.99181026788548,1.682760466068365,143182.08301262558,False
2026-02-18T19:06:50.077404,0.3380904522291862,2.2441912159553,0.1677996943677917,0.7380859843574019,21.81799826207567,67.60688093103496,0.846996810624226,127081.47429670833,False
2026-02-18T20:06:50.077404,0.3356837313241407,2.2024564328003953,0.17502383347826497,0.7466767352845272,25.8342741166241,47.564105247745104,1.7454069588496148,121784.38471768155,False
2026-02-18T21:06:50.077404,0.3336175329537689,2.1375024195934778,0.18226939496106118,0.7560345864076664,24.15620197586036,66.17933147332941,1.0186812740241733,126182.69469358088,False
2026-02-18T22:06:50.077404,0.3313313608696636,2.115374789222857,0.18957604357047783,0.7514629429632953,24.238266181361507,49.637085797438964,1.5244140793346301,125624.03636127654,False
2026-02-18T23:06:50.077404,0.32956241370465494,2.2540784686061666,0.19684494255775858,0.7629133399323341,26.560654374447886,95.0,0.1737233962416007,123469.43673582807,False
2026-02-19T00:06:50.077404,0.32746081234892604,2.2599944349660497,0.2041395820319214,0.7472988142166347,22.28408768099379,56.05069956124595,1.1822626048108738,157175.75925756333,False
2026-02-19T01:06:50.077404,0.3252891387766933,2.430904732682087,0.21147165130501175,0.7527998201111191,24.461635842285723,59.112727039703,1.2542592664265917,142940.72768954356,False
2026-02-19T02:06:50.077404,0.3230980326756408,2.2975637413342618,0.21884287750353137,0.7578389295428206,22.956237970960427,50.401848604985794,1.3897451021196634,133542.2217909646,False
2026-02-19T03:06:50.077404,0.3208436088014934,2.2352639000591497,0.22626302829474493,0.7698118372982222,25.51963624182372,58.53135235068657,1.3548474791208305,146612.96650324488,False
2026-02-19T04:06:50.077404,0.31841742963695924,2.282671917655016,0.2337614639842745,0.7856643523376653,22.36643338907475,26.777712267359234,1.9796097774409835,123168.0646704976,False
2026-02-19T05:06:50.077404,0.3162340231415017,2.1858933936109795,0.24128931242552343,0.7959089893179657,22.413634027489994,51.43961592344952,1.3166310851722318,106931.50606757954,False
2026-02-19T06:06:50.077404,0.31368773028758223,2.151516434741566,0.24891230415839868,0.7872590535229131,26.172929653584877,44.13193345004684,1.8972547642801076,114566.5463764009,False
2026-02-19T07:06:50.077404,0.3113388644610562,1.931972958190224,0.2565891214576906,0.7826433064669243,23.07495772117812,40.48658309681114,1.6795877472429952,127933.9400270999,False
2026-02-19T08:06:50.077404,0.3091659295668716,1.9334485477192118,0.2642844932427928,0.797377603026748,23.912031438045936,59.653234020356344,1.1975720869003768,127479.56879637437,False
2026-02-19T09:06:50.077404,0.30651184258757685,2.0245102073616357,0.2720865940273982,0.7932633055257898,25.41391203704769,31.973616293791142,2.208628436185389,128916.17569268314,False
2026-02-19T10:06:50.077404,0.30406877255626635,2.053433687030282,0.2799510101489419,0.7840952084562065,24.271904022215157,40.540543524899995,1.8033838297784484,122863.68512945679,False
2026-02-19T11:06:50.077404,0.30188020630093754,2.0793253865369077,0.28782749551169157,0.7837097714871288,26.60628131550453,69.48082226087388,1.0632302660761623,137154.30888382188,False
2026-02-19T12:06:50.077404,0.2999234720118873,1.9968644197880692,0.29567251480797974,0.7860654442814696,19.4385307974836,58.70919672604241,0.932443448268155,101797.65884638141,False
2026-02-19T13:06:50.077404,0.29768080037150946,2.1202620530122678,0.3035405927024864,0.7803064969529002,24.823456305244836,58.59521668148444,1.2978818236631602,117228.70983384059,False
2026-02-19T14:06:50.077404,0.294931006400829,2.0652105898080517,0.31152448780794934,0.7748309747166436,26.760668324577207,32.72861328234775,2.364982476742744,124518.68202293769,False
2026-02-19T15:06:50.077404,0.292438202170987,2.0115466677315084,0.3195708185710728,0.7780647205616734,26.132189364696956,45.988690958955296,1.8297931965212673,121510.20765959473,False
2026-02-19T16:06:50.077404,0.28925367934850826,1.9481102359357056,0.32780455924464724,0.780170641884286,29.389366443945267,23.873755527662812,3.1186618664296053,114987.06249458421,False
2026-02-19T17:06:50.077404,0.28696590438572833,2.020886983925239,0.3360502749146874,0.7907275072657833,22.599007793944356,42.29709316323795,1.58222263834762,109694.16296529715,False
2026-02-19T18:06:50.077404,0.2847503243267339,1.8115652036871115,0.3442939974047431,0.7876299292969193,25.373604034000746,63.41459207075087,1.1849869758958782,122962.59511050174,False
2026-02-19T19:06:50.077404,0.2819881660009957,1.8018630020133946,0.3526370445713586,0.7584028200152979,30.41084005425729,51.96695305857625,2.086595239498368,134972.91848017665,False
2026-02-19T20:06:50.077404,0.2792329906467521,1.7045483566475201,0.36107315703783655,0.7395052879858973,28.144667063856804,39.17936639161739,2.3184138538571877,94354.84980003336,False
2026-02-19T21:06:50.077404,0.2768000051364666,1.6298436186148713,0.3695380167532657,0.7390520574588962,26.23797739540533,47.96990360859891,1.7737156304460195,104959.74787041794,False
2026-02-19T22:06:50.077404,0.27416872372986,1.6216926863822836,0.3780669078174802,0.7316615656874775,26.426691343691758,35.49044858670658,2.223750134210766,119433.53871382207,False
2026-02-19T23:06:50.077404,0.27193415500400453,1.7151134410367992,0.38658316335179055,0.7420536449973547,22.46343959758628,41.37964399116478,1.5942058376724662,116070.40592881417,False
2026-02-20T00:06:50.077404,0.269610350908351,1.6257811689915256,0.39510394020117307,0.7489877461626643,22.595401358898,35.065911513678714,1.7801132114024907,119307.57612472134,False
2026-02-20T01:06:50.077404,0.2671610012926979,1.7511329285532409,0.4036522614702444,0.7641630214000914,25.80614368625649,45.2453979440059,1.8195561988536462,110426.64651570382,False
2026-02-20T02:06:50.077404,0.2645051688450529,1.8627602772609575,0.4122649874995002,0.7572797970565927,27.610928416831705,42.599318372809755,2.121035256140584,109148.34076540741,False
2026-02-20T03:06:50.077404,0.26233325511762906,1.7799440550427685,0.4208492834731124,0.7477638034786329,22.822694083538604,51.840764067833895,1.338561549970638,112062.20461555793,False
2026-02-20T04:06:50.077404,0.259874254998255,1.6080622977467014,0.42945973504052065,0.7382316274908959,24.33266536805595,35.59759141149397,1.9604220125430036,88369.51764313466,False
2026-02-20T05:06:50.077404,0.2576867899304774,1.7139729022979457,0.43804475015322103,0.7226940790014502,28.65870266243376,73.07179199034263,1.057564128972528,107924.91015804668,False
2026-02-20T06:06:50.077404,0.25546553223239993,1.600134527269648,0.44661185852844887,0.7262440146130047,28.02722254029767,68.05230948977703,1.209515887927807,97451.85107697362,False
2026-02-20T07:06:50.077404,0.25337902565402437,1.5725655991193113,0.4551370015920219,0.7134636209582813,26.495090595488698,71.63303626183946,0.9818037476524455,98609.12224817343,False
2026-02-20T08:06:50.077404,0.2513397811843532,1.7562560841488404,0.4636135253671702,0.7038332997458661,24.4098904102313,66.40597022783616,1.0273463940962198,106154.785741842,False
2026-02-20T09:06:50.077404,0.2489731380561184,1.8872617553165818,0.4721044901995305,0.7025208997976436,24.144949559592206,37.89911292738699,1.8692223133016606,97650.64934913552,False
2026-02-20T10:06:50.077404,0.24701104326022552,2.026568312816265,0.4805342576784011,0.6711754801763182,22.587167070642007,64.25552842181328,0.9794150593230724,109974.45940778198,False
2026-02-20T11:06:50.077404,0.24449805483342257,1.7437903738723264,0.4890079050105139,0.6931087700519241,28.549842860100405,49.772300798180034,1.9602085807586092,91578.61015342004,False
2026-02-20T12:06:50.077404,0.24256712342034667,1.8134810316983716,0.4974154498673314,0.6827565714924774,24.12932933479197,72.22235745336441,0.83531790035802,94647.0313552599,False
2026-02-20T13:06:50.077404,0.24004988534394012,1.7919856418181963,0.5058687726806426,0.6830700310381961,26.300330497334244,38.22436232684527,2.113703705036018,94625.09133689881,False
2026-02-20T14:06:50.077404,0.23810743088370112,1.6759134061294718,0.5142591431422213,0.6677852815670858,22.4680336538183,63.53797179867276,0.9918772731558134,94466.36577700273,False
2026-02-20T15:06:50.077404,0.23603324224683642,1.4180467308276745,0.5226141040875479,0.6558679001103884,24.94232609048298,61.95698766423664,1.2009842431418105,89588.52418522068,False
2026-02-20T16:06:50.077404,0.23399346754140682,1.5604250424036075,0.5309290530421693,0.65279593584068,24.9250048694716,63.49616775104565,1.151204726265389,109141.99446232726,False
2026-02-20T17:06:50.077404,0.23114859351116276,1.7862807124329352,0.5393550830731788,0.6509817714203356,25.86197296939411,10.0,3.0006991602595967,101951.97734202791,False
2026-02-20T18:06:50.077404,0.22880764542726198,1.7035702002656494,0.547793320507064,0.6521347815077677,26.428845189123273,48.530550812016365,1.7744615853524062,97237.52521652938,False
2026-02-20T19:06:50.077404,0.22578198492624849,1.6672852369067943,0.5563699535694425,0.6479625518533194,31.2716885935177,36.284550111039295,2.9070494030348346,78625.15620320081,False
2026-02-20T20:06:50.077404,0.2233605693819786,1.6136503553912431,0.564966165264678,0.639663779557396,27.09016468530067,46.44216346306831,1.9196431731809527,100833.36942338779,False
2026-02-20T21:06:50.077404,0.22135858435641767,1.4626536013783185,0.5735033043428482,0.6292659767576262,25.56173826051795,67.49750382837502,1.0645643218979113,84706.20932056732,False
2026-02-20T22:06:50.077404,0.21943653640364458,1.4327845075974417,0.581969521273179,0.6190880083140929,23.4142066551013,64.20868743398563,1.0310033817926605,68143.80265313042,False
2026-02-20T23:06:50.077404,0.2173922660450434,1.5625566533593336,0.5903909959419195,0.6177251262496861,25.037435258974618,60.53631733607938,1.2529120330510022,100902.57207150322,False
2026-02-21T00:06:50.077404,0.21559719479720213,1.4647807190064417,0.598723817478675,0.5877444558397426,21.984157103017324,68.51253089811065,0.8317034459639456,96719.46706429937,False
2026-02-21T01:06:50.077404,0.21335832940714633,1.601199495017095,0.6070546026404549,0.5778953951534145,27.26448965156552,54.67996911319972,1.641055726939399,90424.35364437095,False
2026-02-21T02:06:50.077404,0.21101311802199835,1.666981593898518,0.6154031469488028,0.5910326502360069,22.09946704237947,12.061335204618821,2.339171113763965,66898.46144339627,False
2026-02-21T03:06:50.077404,0.2090626876527827,1.4605427383676552,0.6236954548508473,0.5891777539897667,22.496828380508088,53.44759483021223,1.2685822661115944,78568.68813493544,False
2026-02-21T04:06:50.077404,0.20742982103193086,1.5668843002400008,0.6318755300653548,0.6007012675189718,19.347828713900977,71.18897387583404,0.6469607203142098,93681.3479578887,False
2026-02-21T05:06:50.077404,0.20458937182651893,1.645584428080121,0.6401726106312502,0.5793680161287517,33.00875343642838,50.4196317415347,2.495190585319756,76275.49607985216,False
2026-02-21T06:06:50.077404,0.20232210024636685,1.7397840002349922,0.6484747022762865,0.5857578609276646,22.117646402500206,19.832078876141605,2.1348313355215973,89217.58571275402,False
2026-02-21T07:06:50.077404,0.20036031473062024,1.7877395326059033,0.656724982953098,0.5955458061268243,24.54758261350542,61.89304641980969,1.1749927134290465,75991.54397165278,False
2026-02-21T08:06:50.077404,0.19761498853802478,1.66201554717044,0.6650711433354385,0.5892674323151171,28.76719797611193,32.93974432823703,2.650289489494412,90622.9470140571,False
2026-02-21T09:06:50.077404,0.19550771091609473,1.4465967239342477,0.6733902322953157,0.5749177219910862,26.166114020520936,58.562413269889674,1.4066359541463282,65365.21392174222,False
2026-02-21T10:06:50.077404,0.1935335644650112,1.3730162674580315,0.6816589494833256,0.577004006973868,20.29636104993439,35.43493825747876,1.5376324753305604,73928.8626876184,False
2026-02-21T11:06:50.077404,0.19153132691565875,1.5191600277338693,0.6898850155432966,0.564735482337765,20.352390731031573,32.9872383316135,1.6014559694207549,72054.20521472546,False
2026-02-21T12:06:50.077404,0.18935359313104488,1.5517216395150881,0.6981030623344568,0.5847021987998939,27.093423724012776,56.17530198011881,1.5710839592255317,88402.05566206871,False
2026-02-21T13:06:50.077404,0.18747628971596011,1.3805630829682956,0.7062578555666302,0.5672642200194494,21.19623481825582,52.76703437848765,1.1889204221170777,73325.02733806305,False
2026-02-21T14:06:50.077404,0.18502094884281992,1.2591668462287915,0.7144596018914802,0.5707998164566014,29.46730802529861,50.891860367273416,2.0208646871105675,69392.07204556659,False
2026-02-21T15:06:50.077404,0.18284471072721026,1.133833025740164,0.7226542679585339,0.5620799820409187,26.79765081630555,55.370537081598236,1.5724000753465626,83402.63387267235,False
2026-02-21T16:06:50.077404,0.18029132720313032,1.2566036510615108,0.7309120495229905,0.5396140454491775,26.70464133591824,29.320705794389617,2.4766198798355403,80456.7931184026,False
2026-02-21T17:06:50.077404,0.17737567230411985,1.273657182698306,0.7392968781016336,0.5305463305478841,29.50754666569715,24.868595461558968,3.0989278639271323,64178.22523525781,False
2026-02-21T18:06:50.077404,0.17482614578420694,1.2312036663977168,0.7477345997920691,0.5305782537499605,28.849175406131884,40.370558943747085,2.3678230887645046,80936.11696087712,False
2026-02-21T19:06:50.077404,0.17259372627760583,1.1152590433461984,0.7561638464177238,0.5190848228510815,26.80751913151841,48.78796159362797,1.8053660343201514,84675.35138598469,False
2026-02-21T20:06:50.077404,0.17019158123905986,1.3709892760531286,0.7646164723859006,0.5121996302409435,27.593310421544246,41.35180156037835,2.164904113400511,65181.76700024506,False
2026-02-21T21:06:50.077404,0.16807440242389882,1.4741432923073203,0.7730385372066243,0.5171558644464823,25.951673086645087,50.89372620157001,1.6459680817800446,73744.61432406066,False
2026-02-21T22:06:50.077404,0.1659394143555796,1.4176477359347037,0.7814348669471117,0.5026942728506228,27.676258897391065,58.08795004052176,1.554627015246298,79849.54536217626,False
2026-02-21T23:06:50.077404,0.1632846761652322,1.2538262418929202,0.7899029983839724,0.48853990945362585,28.175342590273274,28.498098744027285,2.730438348712223,55811.46518596359,False
2026-02-22T00:06:50.077404,0.1612063498126014,1.075719270968946,0.7983325984994772,0.4764872810410335,22.32095981677233,29.756070296277635,1.8938455271266452,60316.4240692282,False
2026-02-22T01:06:50.077404,0.15973779146452657,1.2095863044083925,0.8066126738588503,0.4399538054192367,15.633000244577579,56.449852583004514,0.7734935549554789,78159.11188295085,False
2026-02-22T02:06:50.077404,0.1578361032474804,1.1496516621828163,0.8148309099348928,0.44363550499858745,25.12818982687245,56.69955373994823,1.3821703764260305,66819.21400711748,False
2026-02-22T03:06:50.077404,0.15600930614502548,1.1133597834518434,0.8229765299668471,0.4369194066309165,27.470097109309368,71.33367231008961,1.0505804343120744,50102.94251071559,False
2026-02-22T04:06:50.077404,0.1543988239518589,1.1130593608176773,0.8310131064403827,0.437790203663993,16.384388919587188,32.26693917760723,1.2621465683155737,57374.56339897668,False
2026-02-22T05:06:50.077404,0.15157321929703474,1.1975806343154636,0.8391711142115053,0.4315720656118894,30.87242507088382,32.199321275957175,3.0239546801052954,49533.363967230274,False
2026-02-22T06:06:50.077404,0.14920226327048652,1.2965508008044382,0.84721255850093,0.40796373067992203,28.216482575299466,40.82650894235931,2.265065448154002,63768.868119722094,False
2026-02-22T07:06:50.077404,0.446211857823885,1.7406943378220605,0.8048519305758836,0.3951915985476973,30.27906233132141,18.645265543693682,3.507573331775165,64992.20621951748,True
2026-02-22T08:06:50.077404,0.4440977785771935,2.11414522240698,0.7646093340470894,0.3991503466876877,24.828663735994773,35.13924452719703,2.033768545916132,62704.51319307381,False
2026-02-22T09:06:50.077404,0.4416483423717058,2.4144622145524797,0.7263788673447349,0.3924502816325761,29.522915755302492,41.50457358234932,2.4148830835425734,80987.17469553763,False
2026-02-22T10:06:50.077404,0.4395120987540686,2.5805695683375927,0.6900599239774982,0.39327314489824217,24.62682006955646,31.85583108911191,2.1111344553777225,84325.73967966966,False
2026-02-22T11:06:50.077404,0.43766203941442927,2.572792131805946,0.6555569277786233,0.39271102051510176,24.74054287379397,54.824083508583755,1.4091043571277724,70222.12025610321,False
2026-02-22T12:06:50.077404,0.4359850291945726,2.591550654534639,0.6227790813896921,0.3916559238881059,27.2636832285194,76.56287191251282,0.8486273408978238,82695.91366413985,False
2026-02-22T13:06:50.077404,0.4342938611530424,2.6388245551441782,0.5916401273202074,0.39502133672133066,21.8567648744166,53.58155308696073,1.216597977598923,83347.48067871433,False
2026-02-22T14:06:50.077404,0.43235118577896287,2.642728988900239,0.562058120954197,0.39300332293232476,22.20458893466176,31.912634457339628,1.8227540457237374,80483.35521307755,False
2026-02-22T15:06:50.077404,0.4303711436327853,2.9159683630927034,0.5339552149064872,0.3893895194025074,24.93856813653225,45.86381201740272,1.7086488738988168,82365.08337434898,False
2026-02-22T16:06:50.077404,0.42847256694353814,2.874653820388552,0.5072574541611629,0.40011997038031716,28.052960264847858,65.29818659477917,1.3157546580716217,90192.99301180757,False
2026-02-22T17:06:50.077404,0.42697298120705435,2.6766064182250418,0.4818945814531047,0.39891318727653674,19.375304037802533,62.080111314614435,0.8529598103973655,93156.4243605523,False
2026-02-22T18:06:50.077404,0.4251300099830798,2.523216706067584,0.45779985238044946,0.40152904570750886,25.25327850753174,58.25623682244064,1.3424311188286435,99425.73620266143,False
2026-02-22T19:06:50.077404,0.42312124811562896,2.4820074416002997,0.434909859761427,0.41187149172111476,27.37405731928012,56.63710882982187,1.5802881731436416,92741.97575595023,False
2026-02-22T20:06:50.077404,0.4211425919555807,2.522923887404582,0.41316436677335566,0.4236667054645225,28.557885369222284,63.94002778690881,1.4079489705643207,110679.94847088348,False
2026-02-22T21:06:50.077404,0.4182877487250626,2.482554975926569,0.3928232320041207,0.4440924557064029,29.67675458945823,22.391142973398814,3.232430047254443,109352.29121128492,False
2026-02-22T22:06:50.077404,0.4163930517161978,2.562629860967723,0.373850023789804,0.43785124841692924,24.86947874527723,56.35614135140809,1.3718281776141186,108463.22067080157,False
2026-02-22T23:06:50.077404,0.4142658900129576,2.5262254149209777,0.3562193948201364,0.4284679376130626,25.08222805918311,39.33642041501242,1.931119791646929,121751.23823858496,False
2026-02-23T00:06:50.077404,0.4121503674324114,2.7305576923793957,0.3398620607397942,0.42852224514538584,28.60654012112542,57.35004457537236,1.6699561447653588,115290.05729808245,False
2026-02-23T01:06:50.077404,0.41056294416946804,2.7401989120369095,0.3246165606343845,0.4406998894560603,24.4487188677574,77.2668575826683,0.6968240078599242,108744.88029730595,False
2026-02-23T02:06:50.077404,0.4087268048406079,2.8030761969830857,0.310473361335886,0.4413525665444458,29.437091867038742,76.43275876101359,0.9681367733062132,124897.46746681376,False
2026-02-23T03:06:50.077404,0.4069690651001125,2.5294847668620437,0.29736282936166347,0.4429535148925994,24.09149914720068,63.4067159795891,1.0979245414942609,132644.39913772253,False
2026-02-23T04:06:50.077404,0.4050601112251846,2.790029281176014,0.2852613339629906,0.44463744713490844,24.51020524570212,53.39163833909008,1.4339182294898725,134807.1332454963,False
2026-02-23T05:06:50.077404,0.4031535252718413,2.7187349452613634,0.27411798480709265,0.4465547887727941,22.30599261387713,41.22583006256663,1.583168053007986,126523.48620812675,False
2026-02-23T06:06:50.077404,0.4010258787128712,2.4975059733104463,0.26392581173102114,0.4542730773491396,27.22374638434861,51.58879514275802,1.7488108787240007,127923.40328670046,False
2026-02-23T07:06:50.077404,0.6980201540683506,4.300909753724212,0.2507295211444701,0.4581483712189399,23.682822937299274,44.11695487595618,1.6360210331137075,130252.94980572653,True
2026-02-23T08:06:50.077404,0.6962527191723307,5.405114141381139,0.23819304508724662,0.4708261025347783,20.736122672126005,46.80488409034746,1.3016733645977143,126168.15375588137,False
2026-02-23T09:06:50.077404,0.6946319277364859,5.9541003577121,0.2262833928328843,0.4753429610021166,22.391872649929283,71.21809054253615,0.7793406604342323,119752.70246557782,False
2026-02-23T10:06:50.077404,0.692047416319351,6.621526919328618,0.21496922319124007,0.48410073893039673,29.360650734141274,37.91191610030903,2.5393553104443773,140225.8088045083,False
2026-02-23T11:06:50.077404,0.6900270784565701,7.092738510961177,0.20422076203167805,0.49726463726800557,24.392732883084353,47.57358683536531,1.60161845597954,130566.74274787189,False
2026-02-23T12:06:50.077404,0.688181203831494,7.301759635008632,0.19400972393009414,0.49281760882515907,26.499701826795633,70.72034417765016,1.0136679993872373,128791.52662495231,False
2026-02-23T13:06:50.077404,0.6861358922149954,7.585116129684642,0.18430923773358943,0.5037754938538094,24.563125212095432,47.3069361358684,1.6262519504308566,142523.6720239072,False
2026-02-23T14:06:50.077404,0.6842598409441065,7.787474012872373,0.17509377584690997,0.5131131012579253,25.208030140057907,64.2673742976887,1.1460323422141951,150507.17152355486,False
2026-02-23T15:06:50.077404,0.6820725432318392,7.818542862026182,0.16633908705456446,0.5225733498814202,26.99144584265138,51.38137901923024,1.7325495023097532,154539.9335745109,False
2026-02-23T16:06:50.077404,0.6796826056359938,7.760620759336026,0.15802213270183624,0.5163711931858537,25.547630134197753,29.863626622667915,2.2952768364051654,143254.34341237455,False
2026-02-23T17:06:50.077404,0.6769388104043134,7.7337173696913055,0.15012102606674443,0.5258732024840762,28.67719481704345,27.4757273043921,2.8513327915972546,124942.71099628888,False
2026-02-23T18:06:50.077404,0.6746559709187525,7.980141031835518,0.1426149747634072,0.5424129676534339,27.747668432664263,49.95262960758202,1.8641387823544218,144980.27270970022,False
2026-02-23T19:06:50.077404,0.6722216643860619,7.880175781199746,0.13548422602523685,0.533638807896264,29.818242208001386,52.14314098528814,2.0095239476748317,131284.1526012743,False
2026-02-23T20:06:50.077404,0.6702778049937483,7.97031299743207,0.128710014723975,0.5537118240526495,21.773092151984493,43.78287665077589,1.4659091064158456,131692.10362885418,False
2026-02-23T21:06:50.077404,0.6683202571536352,7.84607638224781,0.12227451398777625,0.5492561527353053,23.692301994207888,55.344581056682266,1.3080690583434846,124916.18991410438,False
2026-02-23T22:06:50.077404,0.6657747571011442,7.817462559249486,0.11616078828838744,0.5583297680512876,30.211570342067496,48.63336868828407,2.2061084508574056,138756.97177734174,False
2026-02-23T23:06:50.077404,0.6632232149719974,7.83419165136962,0.11035274887396807,0.5529159302958163,25.57457859719739,21.22323491959213,2.5821654446163773,143894.94356214209,False
2026-02-24T00:06:50.077404,0.6613033088640928,7.974468709512289,0.10483511143026966,0.5498797087660479,22.538067552470952,52.574904517263384,1.2956032286375656,131880.92529988795,False
2026-02-24T01:06:50.077404,0.6590314476316702,7.950247105837212,0.09959335585875617,0.5449190374590712,28.191384821005194,54.29503672322779,1.746961167851964,138604.00209781504,False
2026-02-24T02:06:50.077404,0.6570021256489496,7.935502233610424,0.09461368806581837,0.5653916399090053,23.356289251954127,46.58125241419243,1.5334135209385507,147157.7014102399,False
2026-02-24T03:06:50.077404,0.6546193062906625,7.94456712905277,0.08988300366252745,0.5805629932458134,23.588580597763446,19.843248344260566,2.3333797451222793,148133.34944492928,False
2026-02-24T04:06:50.077404,0.6529000396010316,8.0,0.08538885347940108,0.5815785902511754,21.112255404389558,68.23621586873539,0.7954304669294419,151137.33257208453,False
2026-02-24T05:06:50.077404,0.6506939309533085,8.0,0.08111941080543102,0.5969706043690243,25.878065666035603,49.684470706198205,1.6791733970781477,132608.30651209038,False
2026-02-24T06:06:50.077404,0.6490417583517494,7.992751564513605,0.07706344026515946,0.6040948317026739,21.546720664624893,78.6385146605028,0.5493660973359602,120008.65610392232,False
2026-02-24T07:06:50.077404,0.6978694738643534,7.882170562776212,0.0732102682519015,0.6049311456340956,25.636222393772996,55.67131271346133,1.4583377360859613,140233.44844510063,True
2026-02-24T08:06:50.077404,0.6959786478301758,7.851578398428274,0.06954975483930642,0.6177526580826177,18.243724296780396,34.06912557919391,1.38180025876377,143360.97154846447,False
2026-02-24T09:06:50.077404,0.6936964192390389,7.876343101812715,0.0660722670973411,0.634445410511338,25.667089368771624,46.00541895983262,1.7795818201623772,145973.34592115224,False
2026-02-24T10:06:50.077404,0.6913308155600876,8.0,0.06276865374247405,0.6293301361831625,23.734206159095944,28.86048720417992,2.089113905376461,142954.5296426968,False
2026-02-24T11:06:50.077404,0.6893780882665614,8.0,0.059630221055350346,0.6238008647238802,21.61547991190303,52.49926491269906,1.226751943409938,131819.15104415553,False
2026-02-24T12:06:50.077404,0.6874097371207158,8.0,0.05664871000258283,0.6451940019432514,26.431498834974644,71.71262590703492,0.9753884747289461,143358.73423793746,False
2026-02-24T13:06:50.077404,0.6855587916385275,8.0,0.05381627450245369,0.6550467499245848,20.707675193613866,59.98905083268152,0.9773465913631383,148599.37253845079,False
2026-02-24T14:06:50.077404,0.6831665321174846,8.0,0.051125460777331,0.6376705134909854,24.896232347683288,36.37929958107254,2.002939029079058,143152.00120771697,False
2026-02-24T15:06:50.077404,0.6812268099394533,8.0,0.048569187738464456,0.6339818233728195,23.013702021185168,61.69241091814004,1.0771200722334737,129804.49891974617,False
2026-02-24T16:06:50.077404,0.6789233345865786,8.0,0.04614072835154123,0.6293426622488628,23.851018280210596,34.80670870566303,1.9279863412725278,157293.1218238674,False
2026-02-24T17:06:50.077404,0.6769885623839197,8.0,0.04383369193396417,0.630541957822494,21.700205466507928,54.748697120372704,1.1747249904261536,139871.07490412434,False
2026-02-24T18:06:50.077404,0.6746879875765819,7.943770061454697,0.04164200733726596,0.6462468713674584,24.895816632527,41.300796870237306,1.8479521690475567,143443.40515762017,False
2026-02-24T19:06:50.077404,0.6727884032189188,7.92313960209374,0.03955990697040266,0.6385841370648504,18.72764195296004,42.48888884474222,1.2424312647920495,161468.49861524405,False
2026-02-24T20:06:50.077404,0.6707000188384314,7.960029363389515,0.03758191162188253,0.643191668054765,29.366313071594583,74.49543570720584,1.0434576983716388,152712.09359797582,False
2026-02-24T21:06:50.077404,0.6685170960361427,7.817229311677007,0.0357028160407884,0.6431380162343293,28.266475993922732,65.93509669100598,1.3077436401231584,153559.84566916624,False
2026-02-24T22:06:50.077404,0.665940770459806,7.961123608232349,0.03391767523874898,0.6385314350906225,27.736202683997487,39.92038856055763,2.236318170293304,146110.14831959383,False
